full_name,age,position,Current Club,nationality,appearances_overall,goals_overall,assists_overall
Aaron Cresswell,32,Defender,West Ham United,England,20,0,1
Aaron Lennon,35,Midfielder,Burnley,England,16,1,1
Aaron Mooy,32,Midfielder,Huddersfield Town,Australia,29,3,1
Aaron Ramsey,31,Midfielder,Arsenal,Wales,28,4,6
Aaron Rowe,22,Forward,Huddersfield Town,England,2,0,0
Aaron Wan-Bissaka,24,Midfielder,Crystal Palace,England,35,0,3
Abdelhamid Sabiri,25,Midfielder,Huddersfield Town,Morocco,2,0,0
Abdoulaye Doucour?,29,Midfielder,Watford,France,35,5,6
Aboubakar Kamara,27,Forward,Fulham,France,13,3,0
Adalberto Pe?aranda Maestre,25,Forward,Watford,Venezuela,0,0,0
Adam Lallana,34,Midfielder,Liverpool,England,13,0,0
Adam Masina,28,Defender,Watford,Italy,14,0,1
Adam Smith,31,Defender,AFC Bournemouth,England,25,1,1
Adama Diakhaby,26,Forward,Huddersfield Town,France,12,0,0
Adama Traor?,26,Midfielder,Wolverhampton Wanderers,Spain,29,1,1
Ademola Lookman,25,Forward,Everton,England,21,0,2
Adri?n,35,Goalkeeper,West Ham United,Spain,0,0,0
Adrian Mariappa,36,Defender,Watford,Jamaica,26,0,0
Adrien Sebastian Perruchet Silva,33,Midfielder,Leicester City,Portugal,2,0,0
Ainsley Maitland-Niles,25,Midfielder,Arsenal,England,16,1,1
Alberto Moreno,30,Defender,Liverpool,Spain,2,0,0
Aleksandar Mitrovi?,28,Forward,Fulham,Serbia,37,11,3
Alex Iwobi,26,Forward,Arsenal,Nigeria,35,3,6
Alex McCarthy,32,Goalkeeper,Southampton,England,25,0,0
Alex Oxlade-Chamberlain,29,Midfielder,Liverpool,England,2,0,0
Alex Pritchard,29,Midfielder,Huddersfield Town,England,30,2,0
Alex Smithies,32,Goalkeeper,Cardiff City,England,0,0,0
Alexander S©ªrloth,26,Forward,Crystal Palace,Norway,12,0,0
Alexandre Lacazette,31,Forward,Arsenal,France,35,13,8
Alexandre Nascimento Costa Silva,25,Forward,West Ham United,Portugal,1,0,0
Alexis Sanchez,33,Forward,Manchester United,Chile,20,1,3
Alfie Jones,25,Defender,Southampton,England,0,0,0
Alfie Mawson,28,Defender,Fulham,England,15,0,0
Alfie Whiteman,24,Goalkeeper,Tottenham Hotspur,England,0,0,0
Ali Koiki,22,Defender,Burnley,England,0,0,0
Alireza Jahanbakhsh,29,Forward,Brighton & Hove Albion,Iran,19,0,0
Alisson Becker,30,Goalkeeper,Liverpool,Brazil,38,0,0
Alvaro Morata,30,Forward,Chelsea,Spain,16,5,0
Ander Herrera,33,Midfielder,Manchester United,Spain,22,2,3
Andr? Gomes,29,Midfielder,Everton,Portugal,27,1,1
Andre Gray,31,Forward,Watford,England,29,7,2
Andr? Sch?rrle,31,Midfielder,Fulham,Germany,24,6,0
Andr?-Frank Zambo Anguissa,26,Midfielder,Fulham,Cameroon,22,0,0
Andreas Christensen,26,Defender,Chelsea,Denmark,8,0,0
Andreas Pereira,26,Midfielder,Manchester United,Brazil,15,1,1
Andrew Robertson,28,Defender,Liverpool,Scotland,36,0,11
Andrew Surman,36,Midfielder,AFC Bournemouth,England,18,0,0
Andriy Yarmolenko,33,Forward,West Ham United,Ukraine,9,2,0
Andros Townsend,31,Midfielder,Crystal Palace,England,38,6,4
Andy Carroll,33,Forward,West Ham United,England,12,0,0
Angel Gomes,22,Midfielder,Manchester United,England,2,0,0
Angelo Ogbonna,34,Defender,West Ham United,Italy,24,1,1
Angus Gunn,26,Goalkeeper,Southampton,England,12,0,0
Anthony Driscoll-Glennon,22,Defender,Burnley,England,0,0,0
Anthony Knockaert,30,Midfielder,Brighton & Hove Albion,France,30,2,6
Anthony Martial,26,Forward,Manchester United,France,27,10,2
Antonio Barreca,27,Defender,Newcastle United,Italy,1,0,0
Antonio R?diger,29,Defender,Chelsea,Germany,33,1,0
Antonio Valencia,37,Defender,Manchester United,Ecuador,6,0,0
Arijanet Muric,23,Goalkeeper,Manchester City,Montenegro,0,0,0
Aron Einar Gunnarsson,33,Midfielder,Cardiff City,Iceland,28,1,1
Arthur Masuaku,28,Defender,West Ham United,France,23,0,1
Artur Boruc,42,Goalkeeper,AFC Bournemouth,Poland,12,0,0
Ashley Barnes,32,Forward,Burnley,England,37,12,2
Ashley Westwood,32,Midfielder,Burnley,England,34,2,7
Ashley Young,37,Midfielder,Manchester United,England,30,2,2
Asmir Begovi?,35,Goalkeeper,AFC Bournemouth,Bosnia and Herzegovina,24,0,0
Aymeric Laporte,28,Defender,Manchester City,France,35,3,3
Ayoze Perez,29,Forward,Newcastle United,Spain,37,12,2
Bakary Sako,34,Midfielder,Crystal Palace,Mali,4,0,0
Ben Chilwell,25,Defender,Leicester City,England,36,0,4
Ben Davies,29,Defender,Tottenham Hotspur,Wales,27,0,0
Ben Foster,39,Goalkeeper,Watford,England,38,0,0
Ben Gibson,29,Defender,Burnley,England,1,1,0
Ben Hamer,34,Goalkeeper,Huddersfield Town,England,7,0,0
Ben Johnson,22,Forward,West Ham United,England,1,0,0
Ben Mee,33,Defender,Burnley,England,38,0,2
Ben White,25,Defender,Brighton & Hove Albion,England,0,0,0
Ben Wilmot,23,Defender,Watford,England,2,0,0
Benjamin Mendy,28,Defender,Manchester City,France,10,0,5
Beram Kayal,34,Midfielder,Brighton & Hove Albion,Israel,18,1,1
Bernard An?cio Caldeira Duarte,30,Midfielder,Everton,Brazil,34,1,3
Bernardo,27,Defender,Brighton & Hove Albion,Brazil,22,0,1
Bernardo Silva,28,Midfielder,Manchester City,Portugal,36,7,7
Bernd Leno,30,Goalkeeper,Arsenal,Germany,32,0,0
Bobby Reid,29,Midfielder,Cardiff City,England,27,5,2
Brian Murphy,39,Goalkeeper,Cardiff City,Republic of Ireland,0,0,0
Bright Enobakhare,24,Forward,Wolverhampton Wanderers,England,0,0,0
Bruno ?cu?l? Manga,34,Defender,Cardiff City,Gabon,38,0,1
Bruno Saltor Grau,42,Defender,Brighton & Hove Albion,Spain,14,0,1
Caglar S?y?nc?,26,Defender,Leicester City,Turkey,6,0,0
Callum Hudson-Odoi,21,Midfielder,Chelsea,England,10,0,1
Callum Paterson,28,Defender,Cardiff City,Scotland,27,4,1
Callum Roberts,25,Forward,Newcastle United,England,0,0,0
Callum Slattery,23,Midfielder,Southampton,England,3,0,0
Callum Wilson,30,Forward,AFC Bournemouth,England,30,14,9
Calum Chambers,27,Defender,Fulham,England,31,2,0
Cameron John,23,Defender,Wolverhampton Wanderers,England,0,0,0
Carl Jenkinson,30,Defender,Arsenal,England,3,0,0
Carlos S?nchez,36,Midfielder,West Ham United,Colombia,7,0,0
Cedric Soares,31,Defender,Southampton,Portugal,18,1,2
Cenk Tosun,31,Forward,Everton,Turkey,25,3,3
Cesar Azpilicueta,33,Defender,Chelsea,Spain,38,1,5
Cesc Fabregas,35,Midfielder,Chelsea,Spain,6,0,0
Charlie Austin,33,Forward,Southampton,England,25,2,2
Charlie Daniels,36,Defender,AFC Bournemouth,England,21,1,0
Charlie Taylor,29,Defender,Burnley,England,38,0,1
Cheikhou Kouyat?,32,Midfielder,Crystal Palace,Senegal,31,0,2
Chris L?we,33,Defender,Huddersfield Town,Germany,29,0,2
Chris Mepham,24,Defender,AFC Bournemouth,Wales,13,0,1
Chris Smalling,32,Defender,Manchester United,England,24,1,0
Chris Wood,30,Forward,Burnley,New Zealand,38,10,2
Christian Atsu Twasam,30,Midfielder,Newcastle United,Ghana,28,1,0
Christian Benteke,31,Forward,Crystal Palace,Belgium,16,1,1
Christian Eriksen,30,Midfielder,Tottenham Hotspur,Denmark,35,8,12
Christian Fuchs,36,Defender,Leicester City,Austria,3,0,0
Christian Kabasele,31,Defender,Watford,Belgium,21,0,0
Christopher Schindler,32,Defender,Huddersfield Town,Germany,37,1,0
Ciaran Clark,33,Defender,Newcastle United,Republic of Ireland,11,3,0
Claudio Bravo,39,Goalkeeper,Manchester City,Chile,0,0,0
Collin Quaner,31,Forward,Huddersfield Town,Germany,2,0,0
Connor Wickham,29,Forward,Crystal Palace,England,6,0,1
Conor Coady,29,Midfielder,Wolverhampton Wanderers,England,38,0,0
Conor Coventry,22,Midfielder,West Ham United,Republic of Ireland,0,0,0
Craig Cathcart,33,Defender,Watford,Northern Ireland,36,3,0
Curtis Jones,21,Midfielder,Liverpool,England,0,0,0
Cyrus Christie,30,Defender,Fulham,Republic of Ireland,28,0,1
Dale Stephens,33,Midfielder,Brighton & Hove Albion,England,30,1,1
Dan Burn,30,Defender,Brighton & Hove Albion,England,0,0,0
Dan Gosling,32,Midfielder,AFC Bournemouth,England,25,2,1
Daniel Amartey,27,Midfielder,Leicester City,Ghana,9,0,0
Daniel Sturridge,33,Forward,Liverpool,England,18,2,1
Daniel Williams,33,Midfielder,Huddersfield Town,USA,5,0,0
Danilo,31,Defender,Manchester City,Brazil,11,1,0
Danny Drinkwater,32,Midfielder,Chelsea,England,0,0,0
Danny Ings,30,Forward,Southampton,England,24,7,3
Danny Rose,32,Defender,Tottenham Hotspur,England,26,0,3
Danny Simpson,35,Defender,Leicester City,England,6,0,0
Danny Ward,29,Goalkeeper,Leicester City,Wales,0,0,0
Danny Ward,31,Forward,Cardiff City,England,14,1,0
Danny Welbeck,31,Forward,Arsenal,England,8,1,1
Daryl Janmaat,33,Defender,Watford,Netherlands,18,0,2
David Brooks,25,Forward,AFC Bournemouth,England,30,7,5
David Button,33,Goalkeeper,Brighton & Hove Albion,England,4,0,0
David de Gea,31,Goalkeeper,Manchester United,Spain,38,0,0
David Junior Hoilett,32,Forward,Cardiff City,Canada,32,3,1
David Luiz,35,Defender,Chelsea,Brazil,36,3,2
David Silva,36,Midfielder,Manchester City,Spain,33,6,8
Davide Zappacosta,30,Defender,Chelsea,Italy,4,0,0
Davinson S?nchez,26,Defender,Tottenham Hotspur,Colombia,23,1,1
Davy Pr?pper,31,Midfielder,Brighton & Hove Albion,Netherlands,30,1,1
DeAndre Yedlin,29,Defender,Newcastle United,USA,29,1,2
Declan Rice,23,Midfielder,West Ham United,Republic of Ireland,34,2,0
Dejan Lovren,33,Defender,Liverpool,Croatia,13,1,0
Dele Alli,26,Midfielder,Tottenham Hotspur,England,25,5,3
Demarai Gray,26,Midfielder,Leicester City,England,34,4,1
Demeaco Duhaney,24,Defender,Huddersfield Town,England,1,0,0
Denis Odoi,34,Defender,Fulham,Belgium,31,0,1
Denis Su?rez,28,Midfielder,Arsenal,Spain,4,0,0
Diego Rico,29,Defender,AFC Bournemouth,Spain,12,0,0
Diogo Dalot,23,Defender,Manchester United,Portugal,16,0,2
Diogo Jos? Teixeira da Silva,25,Midfielder,Wolverhampton Wanderers,Portugal,33,9,5
Divock Origi,27,Forward,Liverpool,Belgium,12,3,1
Domingos Quina,22,Midfielder,Watford,Portugal,8,1,0
Dominic Calvert-Lewin,25,Forward,Everton,England,35,6,2
Dominic Solanke,25,Forward,AFC Bournemouth,England,10,0,1
Dwight McNeil,22,Forward,Burnley,England,21,3,5
Eden Hazard,31,Midfielder,Chelsea,Belgium,37,16,15
Ederson,29,Goalkeeper,Manchester City,Brazil,38,0,1
Edward Nketiah,23,Forward,Arsenal,England,5,1,0
Elias Kachunga,30,Forward,Huddersfield Town,Congo DR,20,0,0
Emerson Hyndman,26,Midfielder,AFC Bournemouth,USA,1,0,0
Emerson Palmieri,28,Defender,Chelsea,Italy,10,0,0
Emile Smith Rowe,22,Midfielder,Arsenal,England,0,0,0
Emiliano Mart?nez,30,Goalkeeper,Arsenal,Argentina,0,0,0
Eric Bailly,28,Defender,Manchester United,Ivory Coast,12,0,0
Eric Dier,28,Midfielder,Tottenham Hotspur,England,20,3,0
Erik Durm,30,Defender,Huddersfield Town,Germany,28,0,1
Erik Lamela,30,Midfielder,Tottenham Hotspur,Argentina,19,4,2
Ethan Ampadu,22,Midfielder,Chelsea,Wales,0,0,0
?tienne Capoue,34,Midfielder,Watford,France,33,1,3
Fabi?n Balbuena,31,Defender,West Ham United,Paraguay,23,1,0
Fabian Delph,32,Midfielder,Manchester City,England,11,0,1
Fabian Sch?r,30,Defender,Newcastle United,Switzerland,24,4,1
Fabinho,29,Midfielder,Liverpool,Brazil,28,1,2
Fabricio Mart?n Agosto Ram?rez,34,Goalkeeper,Fulham,Spain,2,0,0
Faustino Marcos Alberto Rojo,32,Defender,Manchester United,Argentina,5,0,0
Federico Fern?ndez,33,Defender,Newcastle United,Argentina,19,0,1
Felipe Anderson,29,Midfielder,West Ham United,Brazil,36,9,4
Fernandinho,37,Midfielder,Manchester City,Brazil,29,1,3
Fernando Llorente Torres,37,Forward,Tottenham Hotspur,Spain,20,1,4
Florent Hadergjonaj,28,Defender,Huddersfield Town,Switzerland,24,0,0
Florian Lejeune,31,Defender,Newcastle United,France,12,0,0
Florin Andone,29,Forward,Brighton & Hove Albion,Romania,23,3,0
Floyd Ayit?,33,Midfielder,Fulham,Togo,16,1,0
Fousseni Diabat?,27,Midfielder,Leicester City,Mali,1,0,0
Fraser Forster,34,Goalkeeper,Southampton,England,1,0,0
Fred,29,Midfielder,Manchester United,Brazil,17,1,1
Freddie Woodman,25,Goalkeeper,Newcastle United,England,0,0,0
Gabriel Jesus,25,Forward,Manchester City,Brazil,29,7,3
Ga?tan Bong Songo,34,Defender,Brighton & Hove Albion,Cameroon,22,0,0
Gary Cahill,36,Defender,Chelsea,England,2,0,0
Gary Madine,32,Forward,Cardiff City,England,5,0,0
George Marsh,23,Midfielder,Tottenham Hotspur,England,0,0,0
Georges-Kevin N'Koudou Mbida,27,Forward,Tottenham Hotspur,France,1,0,1
Georginio Wijnaldum,31,Midfielder,Liverpool,Netherlands,35,3,0
Gerard Deulofeu,28,Forward,Watford,Spain,30,10,5
Glenn Murray,39,Forward,Brighton & Hove Albion,England,38,13,1
Gonzalo Higuain,34,Forward,Chelsea,Argentina,14,5,0
Grady Diangana,24,Midfielder,West Ham United,England,17,0,1
Granit Xhaka,30,Midfielder,Arsenal,Switzerland,29,4,2
Greg Cunningham,31,Defender,Cardiff City,Republic of Ireland,7,0,0
Gylfi Sigurdsson,33,Midfielder,Everton,Iceland,38,13,6
Hamza Choudhury,25,Midfielder,Leicester City,England,9,0,0
Harry Arter,32,Midfielder,Cardiff City,Republic of Ireland,25,0,1
Harry Kane,29,Forward,Tottenham Hotspur,England,28,17,4
Harry Maguire,29,Defender,Leicester City,England,31,3,0
Harry Winks,26,Midfielder,Tottenham Hotspur,England,26,1,0
Harvey Barnes,24,Midfielder,Leicester City,England,16,1,2
H?vard Nordtveit,32,Midfielder,Fulham,Norway,5,0,1
Hector Bellerin,27,Defender,Arsenal,Spain,19,0,5
H?lder Wander Sousa Azevedo Costa,28,Midfielder,Wolverhampton Wanderers,Portugal,25,1,2
Henrikh Mkhitaryan,33,Midfielder,Arsenal,Armenia,25,6,4
Heung-Min Son,30,Forward,Tottenham Hotspur,South Korea,31,12,6
Heurelho da Silva Gomes,41,Goalkeeper,Watford,Brazil,0,0,0
Hugo Lloris,35,Goalkeeper,Tottenham Hotspur,France,33,0,0
Ibrahima Ciss?,28,Midfielder,Fulham,Belgium,3,0,0
Idrissa Gueye,33,Midfielder,Everton,Senegal,33,0,2
?lkay G?ndo?an,32,Midfielder,Manchester City,Germany,31,6,3
Isaac Hayden,27,Midfielder,Newcastle United,England,25,1,4
Isaac Mbenza,26,Forward,Huddersfield Town,Belgium,22,1,1
Isaac Success,26,Forward,Watford,Nigeria,30,1,1
Issa Diop,25,Defender,West Ham United,France,33,1,0
Ivan Ricardo Neves Abreu Cavaleiro,29,Forward,Wolverhampton Wanderers,Portugal,23,3,1
Jack Cork,33,Midfielder,Burnley,England,37,1,2
Jack Simpson,25,Defender,AFC Bournemouth,England,6,0,0
Jack Stephens,28,Defender,Southampton,England,24,1,0
Jack Wilshere,30,Midfielder,West Ham United,England,8,0,1
Jacob Murphy,27,Midfielder,Newcastle United,England,9,0,1
Ja?ro Riedewald,26,Defender,Crystal Palace,Netherlands,0,0,0
Jamaal Lascelles,28,Defender,Newcastle United,England,32,0,1
James Garner,21,Defender,Manchester United,England,1,0,0
James Maddison,25,Midfielder,Leicester City,England,36,7,7
James McArthur,35,Midfielder,Crystal Palace,Scotland,38,3,6
James McCarthy,31,Midfielder,Everton,Republic of Ireland,1,0,0
James Milner,36,Midfielder,Liverpool,England,31,5,4
James Tarkowski,29,Defender,Burnley,England,35,3,1
James Tomkins,33,Defender,Crystal Palace,England,29,1,1
James Ward-Prowse,27,Midfielder,Southampton,England,26,7,0
Jamie Sterry,26,Defender,Newcastle United,England,0,0,0
Jamie Vardy,35,Forward,Leicester City,England,34,18,4
Jan Bednarek,26,Defender,Southampton,Poland,25,0,1
Jan Vertonghen,35,Defender,Tottenham Hotspur,Belgium,22,1,0
Jannik Vestergaard,30,Defender,Southampton,Denmark,23,0,0
Jason Puncheon,36,Midfielder,Huddersfield Town,England,11,0,0
Jason Steele,32,Goalkeeper,Brighton & Hove Albion,England,0,0,0
Javier Hernandez,34,Forward,West Ham United,Mexico,25,7,1
Javier Manquillo,28,Defender,Newcastle United,Spain,18,0,3
Jayson Molumby,23,Midfielder,Brighton & Hove Albion,Republic of Ireland,0,0,0
Jazz Richards,31,Defender,Cardiff City,Wales,4,0,0
Jean Michau00ebl Seri,31,Midfielder,Fulham,Ivory Coast,32,1,2
Jeff Hendrick,30,Midfielder,Burnley,Republic of Ireland,32,3,0
Jefferson Lerma,28,Midfielder,AFC Bournemouth,Colombia,30,2,0
Jeffrey Schlupp,29,Defender,Crystal Palace,Ghana,30,4,1
Jermain Defoe,40,Forward,AFC Bournemouth,England,4,0,0
Jesse Lingard,29,Midfielder,Manchester United,England,27,4,2
Jo?o Moutinho,36,Midfielder,Wolverhampton Wanderers,Portugal,38,1,8
Joe Bennett,32,Defender,Cardiff City,England,30,0,1
Joe Bryan,29,Defender,Fulham,England,28,0,1
Joe Daniel Tupper,24,Goalkeeper,Crystal Palace,England,0,0,0
Joe Gomez,25,Defender,Liverpool,England,16,0,0
Joe Hart,35,Goalkeeper,Burnley,England,19,0,0
Joe Powell,24,Forward,West Ham United,England,0,0,0
Joe Ralls,29,Midfielder,Cardiff City,England,28,0,0
Joel Coleman,27,Goalkeeper,Huddersfield Town,England,1,0,0
Joel Matip,31,Defender,Liverpool,Cameroon,22,1,0
Joel Ward,32,Defender,Crystal Palace,England,7,1,0
Johann Berg Gu©£munds¡©son,32,Midfielder,Burnley,Iceland,29,3,6
John Ruddy,36,Goalkeeper,Wolverhampton Wanderers,England,1,0,0
John Stones,28,Defender,Manchester City,England,24,0,0
Jon Gorenc Stankovi?,26,Defender,Huddersfield Town,Slovenia,11,1,0
Jonas L?ssl,33,Goalkeeper,Huddersfield Town,Denmark,31,0,1
Jonathan Hogg,33,Midfielder,Huddersfield Town,England,29,0,1
Jonathan Walters,39,Forward,Burnley,Republic of Ireland,0,0,0
Jonjo Shelvey,30,Midfielder,Newcastle United,England,16,1,1
Jonjoe Kenny,25,Defender,Everton,England,10,0,1
Jonny,28,Defender,Wolverhampton Wanderers,Spain,33,1,1
Jonny Evans,34,Defender,Leicester City,Northern Ireland,24,1,0
Jordan Ayew,31,Forward,Crystal Palace,Ghana,20,1,2
Jordan Henderson,32,Midfielder,Liverpool,England,32,1,3
Jordan Pickford,28,Goalkeeper,Everton,England,38,0,0
Jordon Ibe,26,Midfielder,AFC Bournemouth,England,19,1,1
Jorginho,30,Midfielder,Chelsea,Italy,37,2,0
Jos? Holebas,38,Defender,Watford,Greece,28,3,6
Jose Izquierdo,30,Forward,Brighton & Hove Albion,Colombia,15,0,1
Joselu,32,Forward,Newcastle United,Spain,16,2,0
Joseph Willock,23,Midfielder,Arsenal,England,2,0,0
Josh Benson,22,Midfielder,Burnley,England,0,0,0
Josh Knight,25,Defender,Leicester City,England,0,0,0
Josh Murphy,27,Forward,Cardiff City,England,29,3,2
Joshua King,30,Forward,AFC Bournemouth,Norway,35,12,3
Joshua Sims,25,Midfielder,Southampton,England,7,0,1
Juan Foyth,24,Defender,Tottenham Hotspur,Argentina,12,1,0
Juan Mata,34,Midfielder,Manchester United,Spain,22,3,2
Juli?n Speroni,43,Goalkeeper,Crystal Palace,Argentina,1,0,0
Juninho Bacuna,25,Midfielder,Huddersfield Town,Netherlands,21,1,0
Junior Stanislas,32,Midfielder,AFC Bournemouth,England,23,2,3
J?rgen Locadia,28,Forward,Brighton & Hove Albion,Netherlands,26,2,0
Kadeem Harris,29,Midfielder,Cardiff City,England,13,1,0
Karl Darlow,32,Goalkeeper,Newcastle United,England,0,0,0
Karlan Ahearne-Grant,24,Forward,Huddersfield Town,England,13,4,0
Kasper Schmeichel,35,Goalkeeper,Leicester City,Denmark,38,0,0
Kayne Ramsey,22,Midfielder,Southampton,England,1,0,0
Kazaiah Sterling,23,Forward,Tottenham Hotspur,England,0,0,0
Kelechi Iheanacho,26,Forward,Leicester City,Nigeria,30,1,3
Kelland Watts,23,Midfielder,Newcastle United,England,0,0,0
Ken Sema,29,Midfielder,Watford,Sweden,17,1,2
Kenneth Dahrup Zohor?,28,Forward,Cardiff City,Denmark,19,1,1
Kepa Arrizabalaga,28,Goalkeeper,Chelsea,Spain,36,0,0
Kevin De Bruyne,31,Midfielder,Manchester City,Belgium,19,2,2
Kevin Long,32,Defender,Burnley,Republic of Ireland,6,0,1
Kevin McDonald,33,Midfielder,Fulham,Scotland,15,0,0
Ki Sung-yueng,33,Midfielder,Newcastle United,South Korea,18,0,1
Kieran Dowell,25,Midfielder,Everton,England,0,0,0
Kieran Trippier,32,Defender,Tottenham Hotspur,England,27,1,3
Kiko Femen?a,31,Midfielder,Watford,Spain,29,1,1
Konstantinos Mavropanos,24,Defender,Arsenal,Greece,4,0,0
Kortney Hause,27,Defender,Wolverhampton Wanderers,England,0,0,0
Kurt Zouma,28,Defender,Everton,France,32,2,2
Kyle Taylor,23,Midfielder,AFC Bournemouth,England,0,0,0
Kyle Walker,32,Defender,Manchester City,England,33,1,1
Kyle Walker-Peters,25,Defender,Tottenham Hotspur,England,6,0,3
Laurent Depoitre,33,Forward,Huddersfield Town,Belgium,23,0,1
Laurent Koscielny,37,Defender,Arsenal,France,17,3,0
Lazar Markovi?,28,Midfielder,Fulham,Serbia,1,0,0
Leander Dendoncker,27,Midfielder,Wolverhampton Wanderers,Belgium,19,2,0
Leandro Bacuna,31,Midfielder,Cardiff City,Cura?ao,11,0,0
Lee Grant,39,Goalkeeper,Manchester United,England,0,0,0
Lee Peltier,35,Defender,Cardiff City,England,20,0,0
Leighton Baines,37,Defender,Everton,England,6,0,0
Leon Balogun,34,Defender,Brighton & Hove Albion,Nigeria,8,1,0
Leonardo Bonatini Lohner Maia,28,Forward,Wolverhampton Wanderers,Brazil,7,0,1
Leroy San?,26,Midfielder,Manchester City,Germany,31,10,10
Lewis Cass,22,Defender,Newcastle United,England,0,0,0
Lewis Cook,25,Midfielder,AFC Bournemouth,England,13,0,0
Lewis Dunk,30,Defender,Brighton & Hove Albion,England,36,2,1
Lo?c Damour,31,Midfielder,Cardiff City,France,2,0,0
Loris Karius,29,Goalkeeper,Liverpool,Germany,0,0,0
Luca de la Torre,24,Midfielder,Fulham,USA,0,0,0
Lucas Digne,29,Defender,Everton,France,35,4,4
Lucas Moura,30,Midfielder,Tottenham Hotspur,Brazil,32,10,0
Lucas Perez,34,Forward,West Ham United,Spain,15,3,0
Lucas Torreira,26,Midfielder,Arsenal,Uruguay,34,2,2
Luciano Vietto,28,Forward,Fulham,Argentina,20,1,4
Luka Milivojevi?,31,Midfielder,Crystal Palace,Serbia,38,12,2
Luke Amos,25,Midfielder,Tottenham Hotspur,England,1,0,0
Luke Dreher,23,Midfielder,Crystal Palace,England,1,0,0
Luke Shaw,27,Defender,Manchester United,England,29,1,4
Lys Mousset,26,Forward,AFC Bournemouth,France,24,1,0
Maarten Stekelenburg,40,Goalkeeper,Everton,Netherlands,0,0,0
Mamadou Sakho,32,Defender,Crystal Palace,France,27,0,0
Manolo Gabbiadini,30,Forward,Southampton,Italy,12,1,0
Manuel Lanzini,29,Midfielder,West Ham United,Argentina,10,1,1
Marc Albrighton,32,Midfielder,Leicester City,England,27,2,2
Marc Guehi,22,Defender,Chelsea,England,0,0,0
Marc Navarro Ceciliano,27,Defender,Watford,Spain,2,0,0
Marc Pugh,35,Midfielder,AFC Bournemouth,England,0,0,0
Marcos Alonso,31,Defender,Chelsea,Spain,31,2,4
Marcus Bettinelli,30,Goalkeeper,Fulham,England,7,0,0
Marcus Rashford,25,Forward,Manchester United,England,33,10,6
Mario Lemina,29,Midfielder,Southampton,Gabon,21,1,1
Mark Noble,35,Midfielder,West Ham United,England,31,5,5
Mark Travers,23,Goalkeeper,AFC Bournemouth,Republic of Ireland,2,0,0
Marko Arnautovi?,33,Forward,West Ham United,Austria,28,10,4
Markus Suttner,35,Defender,Brighton & Hove Albion,Austria,0,0,0
Marouane Fellaini,34,Midfielder,Manchester United,Belgium,14,0,1
Martin D?bravka,33,Goalkeeper,Newcastle United,Slovakia,38,0,0
Martin Kelly,32,Defender,Crystal Palace,England,13,0,0
Mart?n Montoya,31,Defender,Brighton & Hove Albion,Spain,25,0,1
Mason Greenwood,21,Midfielder,Manchester United,England,3,0,0
Mason Holgate,26,Defender,Everton,England,5,0,0
Mat?j Vydra,30,Forward,Burnley,Czech Republic,13,1,1
Mateo Kova?i?,28,Midfielder,Chelsea,Croatia,32,0,2
Mathew Ryan,30,Goalkeeper,Brighton & Hove Albion,Australia,34,0,0
Mathias J©ªrgensen,32,Defender,Huddersfield Town,Denmark,24,3,1
Matt Butcher,25,Midfielder,AFC Bournemouth,England,0,0,0
Matt Doherty,30,Defender,Wolverhampton Wanderers,Republic of Ireland,38,4,5
Matt Ritchie,33,Midfielder,Newcastle United,Scotland,36,2,8
Matt Targett,27,Defender,Southampton,England,16,1,3
Matteo Darmian,32,Defender,Manchester United,Italy,6,0,0
Matteo Guendouzi,23,Midfielder,Arsenal,France,33,0,0
Matthew Connolly,35,Defender,Cardiff City,England,0,0,0
Matthew Lowton,33,Defender,Burnley,England,21,0,0
Matty Daly,21,Midfielder,Huddersfield Town,England,2,0,0
Max Harrison Sanders,23,Midfielder,Brighton & Hove Albion,England,0,0,0
Max Kilman,25,Defender,Wolverhampton Wanderers,England,1,0,0
Max Meyer,27,Midfielder,Crystal Palace,Germany,29,1,2
Maxime Le Marchand,33,Defender,Fulham,France,26,0,1
Maya Yoshida,34,Defender,Southampton,Japan,17,0,1
Mesut ?zil,34,Midfielder,Arsenal,Germany,24,5,2
Michael Keane,29,Defender,Everton,England,33,1,2
Michael Obafemi,22,Forward,Southampton,Republic of Ireland,6,1,1
Michail Antonio,32,Midfielder,West Ham United,England,33,6,4
Michel Vorm,39,Goalkeeper,Tottenham Hotspur,Netherlands,2,0,0
Michy Batshuayi,29,Forward,Crystal Palace,Belgium,11,5,0
Miguel Almir?n,28,Midfielder,Newcastle United,Paraguay,10,0,0
Miguel ?ngel Britos Cabrera,37,Defender,Watford,Uruguay,3,0,0
Mohamed Diam?,35,Midfielder,Newcastle United,Senegal,29,0,0
Mohamed Elneny,30,Midfielder,Arsenal,Egypt,8,0,0
Mohamed Elyounoussi,28,Midfielder,Southampton,Norway,16,0,0
Mohamed Salah,30,Forward,Liverpool,Egypt,38,22,8
Morgan Gibbs-White,22,Midfielder,Wolverhampton Wanderers,England,26,0,1
Morgan Schneiderlin,32,Midfielder,Everton,France,14,0,1
Moussa Dembele,35,Midfielder,Tottenham Hotspur,Belgium,10,0,0
Moussa Sissoko,33,Midfielder,Tottenham Hotspur,France,29,0,3
N'Golo Kant?,31,Midfielder,Chelsea,France,36,4,4
Naby Ke?ta,27,Midfielder,Liverpool,Guinea,25,2,1
Nacho Monreal,36,Defender,Arsenal,Spain,22,1,3
Nampalys Mendy,30,Midfielder,Leicester City,France,31,0,0
Nathan Ak?,27,Defender,AFC Bournemouth,Netherlands,38,4,0
Nathan Holland,24,Midfielder,West Ham United,England,0,0,0
Nathan Redmond,28,Midfielder,Southampton,England,38,6,4
Nathaniel Chalobah,27,Midfielder,Watford,England,9,0,0
Nathaniel Clyne,31,Defender,AFC Bournemouth,England,18,0,1
Nathaniel Mendez-Laing,30,Midfielder,Cardiff City,England,20,4,1
Neeskens Kebano,30,Midfielder,Fulham,Congo DR,7,0,0
Neil Leonard Dula Etheridge,32,Goalkeeper,Cardiff City,Philippines,38,0,0
Nemanja Mati?,34,Midfielder,Manchester United,Serbia,28,1,0
Nicolas Otamendi,34,Defender,Manchester City,Argentina,18,0,0
Nikola Tavares,23,Defender,Crystal Palace,England,0,0,0
Nnamdi Ofoborh,22,Midfielder,AFC Bournemouth,England,0,0,0
Oleksandr Zinchenko,25,Midfielder,Manchester City,Ukraine,14,0,3
Oliver Skipp,22,Midfielder,Tottenham Hotspur,England,8,0,0
Olivier Giroud,36,Forward,Chelsea,France,27,2,4
Oriol Romeu,31,Midfielder,Southampton,Spain,31,1,0
Oumar Niasse,32,Forward,Cardiff City,Senegal,18,0,0
Pablo Zabaleta,37,Defender,West Ham United,Argentina,26,0,1
Pape N'Diaye Souar?,32,Defender,Crystal Palace,Senegal,1,0,0
Pascal Gro©¬,31,Midfielder,Brighton & Hove Albion,Germany,25,3,3
Patrick van Aanholt,32,Defender,Crystal Palace,Netherlands,36,3,2
Paul Dummett,31,Defender,Newcastle United,Wales,26,0,0
Paul Pogba,29,Midfielder,Manchester United,France,35,13,9
Paulo Gazzaniga,30,Goalkeeper,Tottenham Hotspur,Argentina,3,0,0
Pedro Obiang,30,Midfielder,West Ham United,Equatorial Guinea,24,0,1
Pedro Rodriguez,35,Midfielder,Chelsea,Spain,31,8,2
Peter Crouch,41,Forward,Burnley,England,6,0,0
Petr ?ech,40,Goalkeeper,Arsenal,Czech Republic,7,0,0
Phil Bardsley,37,Defender,Burnley,Scotland,19,0,0
Phil Foden,22,Midfielder,Manchester City,England,13,1,0
Phil Jagielka,40,Defender,Everton,England,7,1,0
Phil Jones,30,Defender,Manchester United,England,18,0,1
Philip Billing,26,Midfielder,Huddersfield Town,Denmark,27,2,0
Philippe Sandler,25,Defender,Manchester City,Netherlands,0,0,0
Pierre-Emerick Aubameyang,33,Forward,Arsenal,Gabon,36,22,5
Pierre-Emile H©ªjbjerg,27,Midfielder,Southampton,Denmark,31,4,3
Rachid Ghezzal,30,Forward,Leicester City,Algeria,19,1,0
Rafael Euclides Soares Camacho,22,Midfielder,Liverpool,Portugal,1,0,0
Raheem Sterling,27,Forward,Manchester City,England,34,17,10
Rajiv van La Parra,31,Midfielder,Huddersfield Town,Netherlands,5,0,0
Ramadan Sobhi,25,Forward,Huddersfield Town,Egypt,4,0,0
Ra?l Jim?nez,31,Forward,Wolverhampton Wanderers,Mexico,38,13,7
Rhys Healey,27,Forward,Cardiff City,England,3,0,0
Ricardo Pereira,29,Defender,Leicester City,Portugal,35,2,6
Richarlison,25,Forward,Everton,Brazil,35,13,1
Riyad Mahrez,31,Midfielder,Manchester City,Algeria,27,7,4
Rob Holding,27,Defender,Arsenal,England,10,0,0
Robbie Brady,30,Midfielder,Burnley,Republic of Ireland,16,0,1
Robert Kenedy Nunes do Nascimento,26,Midfielder,Newcastle United,Brazil,25,1,1
Robert Snodgrass,35,Midfielder,West Ham United,Scotland,33,2,5
Roberto Firmino,31,Forward,Liverpool,Brazil,34,12,6
Roberto Pereyra,31,Forward,Watford,Argentina,33,6,1
Romain Sa?ss,32,Midfielder,Wolverhampton Wanderers,Morocco,19,2,0
Romelu Lukaku,29,Forward,Manchester United,Belgium,32,12,0
Rondon,33,Forward,Newcastle United,Venezuela,32,11,7
Ross Barkley,28,Midfielder,Chelsea,England,27,3,5
Ruben Loftus-Cheek,26,Midfielder,Chelsea,England,24,6,2
R?ben Neves,25,Midfielder,Wolverhampton Wanderers,Portugal,35,4,3
Ruben Vinagre,23,Defender,Wolverhampton Wanderers,Portugal,17,0,0
Rui Patr?cio,34,Goalkeeper,Wolverhampton Wanderers,Portugal,37,0,0
Ryan Bennett,32,Defender,Wolverhampton Wanderers,England,34,1,0
Ryan Bertrand,33,Defender,Southampton,England,24,1,0
Ryan Fraser,28,Midfielder,AFC Bournemouth,Scotland,38,7,14
Ryan Fredericks,30,Midfielder,West Ham United,England,15,1,0
Ryan Giles,22,Midfielder,Wolverhampton Wanderers,England,0,0,0
Ryan Guno Babel,35,Forward,Fulham,Netherlands,16,5,3
Ryan Schofield,22,Goalkeeper,Huddersfield Town,England,0,0,0
Ryan Sessegnon,22,Defender,Fulham,England,35,2,6
Sadio Man?,30,Forward,Liverpool,Senegal,36,22,1
Sam Gallagher,27,Forward,Southampton,England,4,0,0
Sam Surridge,24,Forward,AFC Bournemouth,England,2,0,0
Sam Vokes,33,Forward,Burnley,Wales,20,3,0
Sam Woods,24,Defender,Crystal Palace,England,0,0,0
Samir Nasri,35,Midfielder,West Ham United,France,5,0,2
Sandro Ramirez,27,Forward,Everton,Spain,0,0,0
Scott Dann,35,Defender,Crystal Palace,England,10,0,1
Scott McTominay,25,Midfielder,Manchester United,England,16,2,0
Sead Kola?inac,29,Defender,Arsenal,Bosnia and Herzegovina,24,0,5
S?amus Coleman,34,Defender,Everton,Republic of Ireland,29,2,2
Sean Longstaff,25,Midfielder,Newcastle United,England,9,1,0
Sean Morrison,31,Defender,Cardiff City,England,34,1,3
Sebastian Pr?dl,35,Defender,Watford,Austria,1,0,0
Serge Aurier,29,Defender,Tottenham Hotspur,Ivory Coast,8,0,2
Sergio Aguero,34,Forward,Manchester City,Argentina,33,21,8
Sergio Rico,29,Goalkeeper,Fulham,Spain,29,0,0
Sergio Romero,35,Goalkeeper,Manchester United,Argentina,0,0,0
Shane Duffy,30,Defender,Brighton & Hove Albion,Republic of Ireland,35,5,1
Shane Long,35,Forward,Southampton,Republic of Ireland,26,5,1
Shinji Okazaki,36,Forward,Leicester City,Japan,21,0,1
Shkodran Mustafi,30,Defender,Arsenal,Germany,31,2,0
Simon Francis,37,Defender,AFC Bournemouth,England,17,0,2
Simon Mignolet,34,Goalkeeper,Liverpool,Belgium,0,0,0
Sokratis Papastathopoulos,34,Defender,Arsenal,Greece,25,1,2
Solly March,28,Midfielder,Brighton & Hove Albion,England,35,1,5
Souleymane Bamba,37,Defender,Cardiff City,Ivory Coast,28,4,1
Stefan Marius Johansen,31,Midfielder,Fulham,Norway,12,0,0
Stefano Okaka,33,Forward,Watford,Italy,2,0,0
Stephan Lichtsteiner,38,Defender,Arsenal,Switzerland,14,0,0
Stephen Ward,37,Defender,Burnley,Republic of Ireland,3,0,0
Steve Cook,31,Defender,AFC Bournemouth,England,31,1,1
Steve Mouni?,28,Forward,Huddersfield Town,Benin,31,2,3
Steven Davis,37,Midfielder,Southampton,Northern Ireland,3,0,1
Steven Defour,34,Midfielder,Burnley,Belgium,6,0,0
Stuart Armstrong,30,Midfielder,Southampton,Scotland,29,3,2
Sullay Kaikai,27,Midfielder,Crystal Palace,England,0,0,0
Tahith Chong,22,Forward,Manchester United,Netherlands,2,0,0
Terence Kongolo,28,Defender,Huddersfield Town,Netherlands,32,1,1
Theo Walcott,33,Forward,Everton,England,37,5,2
Tim Ream,35,Defender,Fulham,USA,26,0,0
Timothy Eyoma,22,Defender,Tottenham Hotspur,England,0,0,0
Timothy Fosu-Mensah,24,Defender,Fulham,Netherlands,12,0,0
Toby Alderweireld,33,Defender,Tottenham Hotspur,Belgium,34,0,0
Tom Cairney,31,Midfielder,Fulham,Scotland,31,1,1
Tom Cleverley,33,Midfielder,Watford,England,13,1,0
Tom Davies,24,Midfielder,Everton,England,16,0,0
Tom Heaton,36,Goalkeeper,Burnley,England,19,0,0
Tom Smith,30,Defender,Huddersfield Town,England,15,0,0
Trent Alexander-Arnold,24,Defender,Liverpool,England,29,1,12
Troy Deeney,34,Forward,Watford,England,32,9,5
Tyias Browning,28,Defender,Everton,England,0,0,0
Tyreke Johnson,24,Defender,Southampton,England,1,0,0
Tyrone Mings,29,Defender,AFC Bournemouth,England,5,0,0
Vicente Guaita,35,Goalkeeper,Crystal Palace,Spain,20,0,0
Vicente Iborra De La Fuente,34,Midfielder,Leicester City,Spain,8,0,0
V?ctor Camarasa,28,Midfielder,Cardiff City,Spain,32,5,4
Victor Lindel?f,28,Defender,Manchester United,Sweden,30,1,1
Victor Moses,31,Midfielder,Chelsea,Nigeria,2,0,0
Victor Wanyama,31,Midfielder,Tottenham Hotspur,Kenya,13,1,0
Viktor Gy?keres,24,Forward,Brighton & Hove Albion,Sweden,0,0,0
Vincent Janssen,28,Forward,Tottenham Hotspur,Netherlands,3,0,0
Vincent Kompany,36,Defender,Manchester City,Belgium,17,1,0
Virgil van Dijk,31,Defender,Liverpool,Netherlands,38,4,2
Wayne Hennessey,35,Goalkeeper,Crystal Palace,Wales,18,0,0
Wes Morgan,38,Defender,Leicester City,Jamaica,22,3,0
Wesley Hoedt,28,Defender,Southampton,Netherlands,13,0,0
Wilfred Ndidi,25,Midfielder,Leicester City,Nigeria,38,2,0
Wilfried Zaha,29,Midfielder,Crystal Palace,Ivory Coast,34,10,5
Will Hughes,27,Midfielder,Watford,England,32,2,4
Will Norris,29,Goalkeeper,Wolverhampton Wanderers,England,1,0,0
Willian,34,Forward,Chelsea,Brazil,32,3,6
Willy Boly,31,Defender,Wolverhampton Wanderers,France,36,4,0
Willy Caballero,41,Goalkeeper,Chelsea,Argentina,2,0,0
Xherdan Shaqiri,31,Midfielder,Liverpool,Switzerland,24,6,3
Yan Valery,23,Defender,Southampton,France,23,2,1
Yerry Mina,28,Defender,Everton,Colombia,13,1,0
Yoshinori Muto,30,Forward,Newcastle United,Japan,17,1,0
Youri Tielemans,25,Midfielder,Leicester City,Belgium,13,3,4
Yves Bissouma,26,Midfielder,Brighton & Hove Albion,Mali,28,0,0
Zechariah Medley,22,Defender,Arsenal,England,0,0,0
Zeze  Steven Sessegnon,22,Defender,Fulham,England,0,0,0
¨©ukasz Fabia?ski,37,Goalkeeper,West Ham United,Poland,38,0,0
